
作者：禅与计算机程序设计艺术                    

# 1.简介
  

---
## 一、背景介绍
现如今，各种应用系统的用户对数据的显示语言和编码方式表示一种更高的期望。在企业级应用系统中，存储的数据往往包括文字信息。因此，数据的编码方式不能仅局限于一种。不同地区的同事使用不同的编码方式进行文本编辑或者查看数据时会造成一些困扰。为了使不同国家/地区的人群都能够方便地查看和编辑数据，数据库需要支持多种编码方式。虽然各个编程语言或数据库产品提供相应的接口或函数，但对于数据库管理员来说，修改数据库表的字符集和排序规则一直是一个难点。本文将详细介绍如何使用Alter Table命令修改表的字符集和排序规则。

## 二、基本概念
---
### 2.1 字符集(Charset)
字符集（Charset）定义了字符的集合及其编码方式，是计算机用来处理文字、符号及数字信息的一套标准方法。一个字符集可以由若干字符组成，每个字符用一个唯一的编码来标识，它规定了该字符在计算机中的存储、显示和传输方式。目前，Unicode字符集是最广泛使用的字符集，而且已经成为国际标准。常用的字符集包括ASCII、ISO-8859系列、GBK等。

### 2.2 排序规则(Collation)
排序规则（Collation）定义了对字符串的比较和排序顺序。主要用于确定两个或多个字符组合在一起时的相对顺序。排序规则通常分为三种类型：

1.BINARY：二进制比较，不考虑大小写或其他任何差异性。

2.UNICODE：基于Unicode字符集的排序规则。这种排序规则按照Unicode的规定对所有字符进行比较和排序。

3.ICU：基于整理单元（Collator）的排序规则。这种排序规则基于CLDR数据，使用ICU库的规则对所有字符进行比较和排序。

MySQL数据库支持两种字符集和排序规则：

1.character set：指定字符集名称，例如utf8。

2.collation：指定排序规则名称，例如utf8_general_ci。

## 三、核心算法原理和具体操作步骤
---
MySQL的ALTER TABLE命令可以用于修改数据库表的字符集和排序规则。以下为示例：
```mysql
ALTER TABLE table_name MODIFY column_name VARCHAR(100) CHARACTER SET utf8 COLLATE utf8_general_ci;
```

上述语句用于修改table_name表的column_name列的字符集为utf8，排序规则为utf8_general_ci。

操作步骤如下：

1.登录到MySQL服务器，然后选择要修改的数据库；

2.使用以下语法创建测试表：

   ```mysql
   CREATE TABLE test (
     id INT NOT NULL AUTO_INCREMENT,
     data VARCHAR(100),
     PRIMARY KEY (id)
   ) ENGINE=InnoDB DEFAULT CHARSET=utf8mb4 COLLATE=utf8mb4_general_ci;
   ```

   在这里创建了一个名为test的表，其中包含一个主键id列和一个data列，data列采用utf8mb4字符集和utf8mb4_general_ci排序规则；

3.使用如下SQL语句插入一些测试数据：

   ```mysql
   INSERT INTO test (data) VALUES ('中文'),('Hello World!'),('αβγδεζηθικλμνξοπρςστυφχψω');
   
   SELECT * FROM test;
   +----+-------------+
   | id | data        |
   +----+-------------+
   |  1 | 中文         |
   |  2 | Hello World!|
   |  3 | αβγδεζηθικλμνξοπρςστυφχψω|
   +----+-------------+
   3 rows in set (0.00 sec)
   ```

4.现在，尝试使用ALTER TABLE命令修改表的字符集和排序规则：

   ```mysql
   ALTER TABLE test MODIFY data VARCHAR(100) CHARACTER SET gbk COLLATE gbk_chinese_ci;
   ```

   上述语句将test表的data列的字符集改为gbk，排序规则改为gbk_chinese_ci。

5.再次查看test表的结构：

   ```mysql
   DESC test;
   +-------+--------------+------+-----+---------+-------+
   | Field | Type         | Null | Key | Default | Extra |
   +-------+--------------+------+-----+---------+-------+
   | id    | int          | NO   | PRI | NULL    |       |
   | data  | varchar(100) | YES  |     | NULL    |       |
   +-------+--------------+------+-----+---------+-------+
   2 rows in set (0.00 sec)
   ```

6.使用INSERT INTO命令插入一条新的记录：

   ```mysql
   INSERT INTO test (data) VALUES ('中国');
   Query OK, 1 row affected (0.00 sec)
   
   SELECT * FROM test ORDER BY data;
   +----+------------+
   | id | data       |
   +----+------------+
   |  1 | 中文       |
   |  2 | Hello World!|
   |  3 | αβγδεζηθικλμνξοπρςστυφχψω|
   |  4 | 中国       |
   +----+------------+
   4 rows in set (0.00 sec)
   ```

7.可以看到，根据新指定的字符集和排序规则，中文字符'中国'被正确识别并按字典序排在“中文”之前。

## 四、具体代码实例和解释说明
---
以上为MySQL ALTER TABLE命令修改表的字符集和排序规则的教程。以下是一些常见的问题和解答：

1.为什么MySQL的UTF-8编码的表无法使用GBK等其他编码？

   MySQL数据库默认使用的字符集是UTF-8，在某些情况下，比如搜索中文关键字时，可能无法匹配到预期结果。此时需要将数据库的字符集转换为其他的字符集，并设置相关的排序规则才能实现中文检索。

   另外，如果仅使用GBK或BIG5这样的繁体编码，可能会导致排序错误。因为，它们没有统一规范，不同平台上的排序规则不同，即使是同一个平台也无法保证相同的数据在排序时完全一致。所以，建议尽量使用兼容全平台的UTF-8编码。

2.我想把我的GBK编码的数据库表切换为UTF-8编码。可以使用什么命令？

   使用如下命令修改表的字符集和排序规则：

   ```mysql
   ALTER TABLE table_name CONVERT TO CHARACTER SET utf8 COLLATE utf8_general_ci;
   ```

   在这里，CONVERT TO用于转换当前的表编码格式，从而使得它与目标编码格式保持一致。这个命令不会丢失原有的表数据。

   如果只想临时改变某个字段的编码格式，可以使用MODIFY COLUMN命令：

   ```mysql
   ALTER TABLE table_name MODIFY column_name VARCHAR(100) CHARACTER SET utf8 COLLATE utf8_general_ci;
   ```

   当然，ALTER TABLE命令也可以用于单独修改表的字符集和排序规则。