
作者：禅与计算机程序设计艺术                    

# 1.简介
  

数据库（Database）是一个用来存储、组织和管理数据的仓库。数据库可以分为不同的类型，比如关系型数据库、NoSQL数据库、文档数据库等。本文主要讨论关系型数据库中的一种，即MySQL数据库。MySQL数据库是目前最流行的开源关系型数据库之一，具有高效、可靠、安全、事务性、灵活和便捷等特点。它的应用范围广泛，包括网络服务、网站应用、移动应用、嵌入式系统、金融、电子商务等。
在MySQL中创建数据库的方法非常简单，只需运行如下命令即可完成：
```sql
CREATE DATABASE <database_name>;
```
其中<database_name>表示要创建的数据库名称。
例如：
```sql
CREATE DATABASE testdb;
```
执行上述语句后，会创建一个名为testdb的空数据库。如果需要指定字符集、排序规则等属性，也可以在创建时通过附加选项来实现。
此外，还可以使用一些工具或第三方软件来创建数据库，如phpMyAdmin、Navicat、MySQL Workbench等。
# 2.相关概念
## 2.1 数据库服务器
一个完整的 MySQL 数据库通常包括数据库服务器、数据库、用户和权限管理四个部分。
* 数据库服务器：数据库服务器是指保存着数据库的数据文件及其他相关的文件的计算机主机或者虚拟机。
* 数据库：数据库是指各种存储结构化数据的集合。
* 用户：用户是指连接到数据库服务器并对其进行读/写操作的实体，由用户名和密码保护。
* 权限管理：权限管理是指定义不同用户对数据库对象（表、字段等）的访问权限和操作权限，并提供相应的控制功能，如允许某个用户读取某张表但不允许修改该表的内容。
## 2.2 数据模型
数据库是以数据模型的形式组织起来的。数据模型是对现实世界中各种事物特征的抽象，它将现实世界中实体、属性和联系用模型化的图形语言来表示。数据模型通常包括三种元素：实体、属性、联系。实体是客观存在的事物；属性是事物的静态特性，它包括了实体的所有显著特征；联系是两个实体之间相互作用所导致的关联。数据模型有不同的层次，从抽象的逻辑模型到物理模型再到数据库模型。
## 2.3 SQL语言
SQL (Structured Query Language) 是一种用于管理关系数据库的标准语言，属于 ANSI 标准。SQL 提供了一系列的操作符来处理数据，如 SELECT、INSERT、UPDATE 和 DELETE 来对数据进行查询、添加、修改和删除。SQL 的语法类似于传统编程语言的赋值运算符、算术运算符和条件语句。
# 3.核心算法原理
## 3.1 MySQL存储引擎
MySQL 有多种存储引擎，包括 InnoDB、MyISAM、Memory、Archive、CSV、Blackhole 等。其中 MyISAM 是 MySQL 内置的默认存储引擎，它的设计目标就是快速地插入、读取、更新、删除数据。InnoDB 是另一种支持事务的支持外键的存储引擎，它的设计目标就是处理大容量数据，它是在 MySQL 5.5 中才引入的。两者之间的差异主要在锁机制方面。InnoDB 支持通过行级锁和表级锁两种方式来控制并发访问，以保证数据库事务的 ACID 特性。MyISAM 只支持表级锁。
## 3.2 索引
索引是帮助 MySQL 更快地找到记录的一种数据结构。索引是一个列或多个列的值的集合，这些值排好序并且召回时按照顺序检索。索引能够加速数据检索，但是过多的索引会降低更新的速度，因为更新需要重建所有索引。所以，索引的数量也成为一个重要因素。
索引的建立一般需要花费大量的时间，因此，索引应该合理选择，而且应该定期维护。在实际使用中，应该选择其中含有唯一值的列作为索引，这样可以在 WHERE 子句中使用快速定位索引数据。索引大小一般不能超过磁盘块大小，否则性能可能受限。
## 3.3 日志系统
MySQL 数据库支持完整的日志系统，它可以跟踪数据库的变化，并提供查询日志、慢查询日志、错误日志、二进制日志等。日志可以帮助管理员跟踪数据库的操作，分析问题和监控数据库活动。
## 3.4 分库分表
当单个数据库无法满足业务需求的时候，可以通过分库分表的方式来解决。分库分表是将一个大的数据库拆分成多个小的数据库，每个数据库负责一定的数据范围。这种方式能够更好地将数据分布到不同的节点上，同时也减轻单个数据库的压力。
分库分表的方法有很多，比如水平切分、垂直切分、基于关键字的切分、范围切分等。水平切分是指数据按照业务逻辑，按照不同的数据范围划分到不同的数据库中。垂直切分则是根据各个库的表结构的不同，将同一个类的相关表放到一个数据库中。基于关键字的切分是指按照一定规则把相同性质的数据放在一起，比如按照手机号码、邮箱地址来切分。范围切分则是按照时间、日期来切分数据。
# 4.具体操作步骤
## 创建数据库
首先，打开客户端命令行，输入 mysql -u root -p 命令登录 MySQL 服务器。这里假设用户名为 root，密码为空。
```bash
$ mysql -u root -p
Enter password: 
Welcome to the MySQL monitor.  Commands end with ; or \g.
Your MySQL connection id is 79
Server version: 5.7.33-log Percona Server (GPL), Release 29.0, Revision eacfa9e

Copyright (c) 2000, 2018, Oracle and/or its affiliates. All rights reserved.

Oracle is a registered trademark of Oracle Corporation and/or its
affiliates. Other names may be trademarks of their respective
owners.

Type 'help;' or '\h' for help. Type '\c' to clear the current input statement.

mysql> 
```
登录成功后，就可以输入 CREATE DATABASE 语句创建新的数据库。
```sql
mysql> CREATE DATABASE mydb;
Query OK, 1 row affected (0.01 sec)
```
创建成功后，可以输入 SHOW DATABASES 查看已有的数据库列表。
```sql
mysql> SHOW DATABASES;
+--------------------+
| Database           |
+--------------------+
| information_schema |
| mydb               |
| mysql              |
| performance_schema |
+--------------------+
4 rows in set (0.00 sec)
```
可以看到，mydb 已经出现在列表中。
```sql
mysql> exit
Bye
```
退出命令行。
## 创建表
创建新表的过程相对复杂一些。首先，打开另一个客户端命令行窗口，输入 mysql -u root -p 命令连接到 MySQL 服务器。这个窗口的用户名和密码与前面的窗口保持一致。
```bash
$ mysql -u root -p
Enter password: 
Welcome to the MySQL monitor.  Commands end with ; or \g.
Your MySQL connection id is 81
Server version: 5.7.33-log Percona Server (GPL), Release 29.0, Revision eacfa9e

Copyright (c) 2000, 2018, Oracle and/or its affiliates. All rights reserved.

Oracle is a registered trademark of Oracle Corporation and/or its
affiliates. Other names may be trademarks of their respective
owners.

Type 'help;' or '\h' for help. Type '\c' to clear the current input statement.

mysql> 
```
登录成功后，输入 USE mydb 命令切换到 mydb 数据库。
```sql
mysql> USE mydb;
Database changed
```
然后，使用 CREATE TABLE 语句创建新表。
```sql
mysql> CREATE TABLE users (
  -> user_id INT(11) PRIMARY KEY AUTO_INCREMENT, 
  -> username VARCHAR(50) NOT NULL UNIQUE, 
  -> email VARCHAR(50) NOT NULL UNIQUE, 
  -> password CHAR(32) NOT NULL, 
  -> created TIMESTAMP DEFAULT CURRENT_TIMESTAMP ON UPDATE CURRENT_TIMESTAMP, 
  -> modified TIMESTAMP DEFAULT CURRENT_TIMESTAMP ON UPDATE CURRENT_TIMESTAMP);
Query OK, 0 rows affected (0.02 sec)
```
创建成功后，可以使用 DESCRIBE 或 EXPLAIN 命令查看表的详细信息。
```sql
mysql> DESC users;
+------------+-------------+------+-----+---------+-------+
| Field      | Type        | Null | Key | Default | Extra |
+------------+-------------+------+-----+---------+-------+
| user_id    | int(11)     | NO   | PRI | NULL    | auto_increment |
| username   | varchar(50) | NO   | UNI | NULL    |         |
| email      | varchar(50) | NO   | UNI | NULL    |         |
| password   | char(32)    | NO   |     | NULL    |         |
| created    | timestamp   | YES  |     | CURRENT_TIMESTAMP | on update CURRENT_TIMESTAMP |
| modified   | timestamp   | YES  |     | CURRENT_TIMESTAMP | on update CURRENT_TIMESTAMP |
+------------+-------------+------+-----+---------+-------+
6 rows in set (0.00 sec)
```
上面输出的是表的字段信息，包括字段名称、类型、是否可以为空、是否是主键等信息。
```sql
mysql> EXPLAIN users;
+----+-------------+------------------+------+---------------+-------+
| id | select_type | table            | type | possible_keys | key   |
+----+-------------+------------------+------+---------------+-------+
|  1 | SIMPLE      | users            | ALL  | NULL          | NULL  |
|  2 | SIMPLE      | users            | ref  | idx_username  | idx_username |
|  3 | SIMPLE      | users            | ref  | idx_email     | idx_email |
|  4 | SIMPLE      | users            | ref  | PRIMARY       | PRIMARY |
+----+-------------+------------------+------+---------------+-------+
4 rows in set (0.00 sec)
```
EXPLAIN 命令显示关于 SELECT 查询的统计信息，包括表依赖、数据扫描和类型等信息。
```sql
mysql> INSERT INTO users (username, email, password) VALUES ('alice', 'alice@example.com', 'abcdef');
Query OK, 1 row affected (0.00 sec)

mysql> SELECT * FROM users;
+----------+-----------------+--------------+----------+------------+------------+
| user_id  | username        | email        | password | created   | modified  |
+----------+-----------------+--------------+----------+------------+------------+
|        1 | alice           | alice@example.com | abcdef   | 2021-12-23 20:23:03 | 2021-12-23 20:23:03 |
+----------+-----------------+--------------+----------+------------+------------+
1 row in set (0.00 sec)
```
上面示例中，我创建了一个名为 users 的表，字段包括 user_id、username、email、password、created、modified。然后，向表中插入一条记录，并查询出所有的记录。