
作者：禅与计算机程序设计艺术                    

# 1.背景介绍


数据库的核心是数据的存储和管理。数据包括各种类型的数据，如数字、字符型等。字符串类型的操作就是处理和分析这些数据时常用的方法之一。本文将通过介绍和演示MySQL中常用的字符串处理函数来详细介绍字符串类型的数据的基本操作及相关SQL语法的用法。


# 2.核心概念与联系
## 2.1 ASCII码
计算机用ASCII编码表示各种字符，其中英文字母的ASCII码按顺序排列，从'A'(65)到'Z'(90)，小写字母的ASCII码也是这样排列；数字的ASCII码则按顺序排列，从'0'(48)到'9'(57)。例如，字符'A'的ASCII码为65，字符'9'的ASCII码为57。

对于非英语字符，比如中文或其他语言，需要指定相应的编码方式才能显示。一般来说，中文使用GBK（双字节）编码，而日文、韩文等东亚语言则使用UTF-8（多字节）编码。MySQL中常用的编码格式有BINARY、LATIN1、UTF8、GBK等。其中，BINARY是二进制编码，没有实际意义；LATIN1对应ISO8859-1编码，主要用于欧洲语言；UTF8对应Unicode编码，可以表示世界各地所有语言；GBK则对应汉字编码标准，兼容GB2312标准。

## 2.2 字符集与排序规则
字符集（Charset）是指某种符号集合，它规定了符号的唯一编号和顺序关系。在不同的字符集下，相同的符号可能被赋予不同的编码值。例如，中文字符集GBK和UTF8都是采用两个字节或者四个字节编码表示中文，但编码值却不同。

排序规则（Collation）是一种特殊的规则，用来定义如何对数据进行比较和排序。它包括大小写比较、 accent sensitivity、排序权重和分组等方面。例如，不同国家的语言的排序规则可能不同，这就需要相应的排序规则进行排序。MySQL中的排序规则由charset和language两部分组成，后者通常为空。

## 2.3 基本运算符
### 2.3.1 CONCAT()函数
CONCAT(expr1, expr2,...)返回连接两个或多个字符串表达式的结果。语法如下：

```
SELECT CONCAT(expr1, expr2);
```

该语句将连接第一个参数和第二个参数，并返回一个新的字符串。如果参数中某个元素为NULL，则CONCAT()函数会忽略它。

例子：

```
mysql> SELECT CONCAT('hello', 'world');
+-------------+
| CONCAT('hello', 'world') |
+-------------------------+
| helloworld              |
+-------------------------+
1 row in set (0.00 sec)
```

### 2.3.2 SUBSTRING()函数
SUBSTRING(str,pos,len)函数返回子串，其中str为源字符串，pos为起始位置（从1计数），len为要截取的长度。

语法：

```
SELECT SUBSTRING(str, pos, len);
```

例子：

```
mysql> SELECT SUBSTRING('Hello world!', 6, 5);
+----------------------------+
| SUBSTRING('Hello world!', 6, 5) |
+----------------------------+
| world!                     |
+----------------------------+
1 row in set (0.00 sec)
```

### 2.3.3 INSERT()函数
INSERT(str,pos,len,newstr)函数返回新字符串，其中str为源字符串，pos为起始位置（从1计数），len为要替换的长度，newstr为要插入的新字符串。

语法：

```
SELECT INSERT(str, pos, len, newstr);
```

例子：

```
mysql> SELECT INSERT('Hello world!', 7, 5, 'goodbye');
+---------------------------------+
| INSERT('Hello world!', 7, 5, 'goodbye') |
+---------------------------------+
| Hello goodbye world!             |
+---------------------------------+
1 row in set (0.00 sec)
```

### 2.3.4 REPLACE()函数
REPLACE(str,from_str,to_str)函数返回新字符串，其中str为源字符串，from_str为要被替换的子串，to_str为替换后的子串。

语法：

```
SELECT REPLACE(str, from_str, to_str);
```

例子：

```
mysql> SELECT REPLACE('Hello world!', 'llo', 'alo');
+------------------------+
| REPLACE('Hello world!', 'llo', 'alo') |
+------------------------+
| Heado worada alo       |
+------------------------+
1 row in set (0.00 sec)
```

### 2.3.5 UPPER(), LOWER(), LTRIM(), RTRIM()函数
UPPER(str), LOWER(str)函数分别返回变换大小写后的字符串；LTRIM(str), RTRIM(str)函数分别返回去掉左右边空格的字符串。

语法：

```
SELECT <FUNC>(str);
```

例子：

```
mysql> SELECT UPPER('Hello WORLD!');
+---------------+
| UPPER('Hello WORLD!') |
+-----------------------+
| HELLO WORLD!          |
+-----------------------+
1 row in set (0.00 sec)

mysql> SELECT LOWER('HELLO WORLD!');
+---------------------------+
| LOWER('HELLO WORLD!')     |
+---------------------------+
| hello world!              |
+---------------------------+
1 row in set (0.00 sec)

mysql> SELECT LTRIM('   Hello World   ');
+------------------------------+
| LTRIM('   Hello World   ')    |
+------------------------------+
| Hello World                  |
+------------------------------+
1 row in set (0.00 sec)

mysql> SELECT RTRIM('   Hello World   ');
+-----------------------------+
| RTRIM('   Hello World   ')   |
+-----------------------------+
|    Hello World               |
+-----------------------------+
1 row in set (0.00 sec)
```